timestamp,open,high,low,close,volume,close_time,quote_volume,trades,taker_buy_volume,taker_buy_quote_volume
1735243200000,96102.24000000,96114.46000000,95444.44000000,95542.17000000,248.82579000,1735244999999,23812237.20838280,90733,115.27190000,11028996.94558060,0
1735245000000,95542.17000000,95873.50000000,95400.00000000,95589.60000000,381.85449000,1735246799999,36501972.05999740,99200,180.99052000,17301265.02738270,0
1735246800000,95589.60000000,95800.00000000,95302.00000000,95746.85000000,374.61875000,1735248599999,35793243.91950920,87850,208.82336000,19953736.18667320,0
1735248600000,95746.85000000,95933.74000000,95571.51000000,95812.63000000,223.03006000,1735250399999,21356743.85507050,55537,101.17466000,9688722.63679220,0
1735250400000,95812.63000000,95963.86000000,95706.39000000,95766.15000000,156.89865000,1735252199999,15038152.10709900,34756,64.75175000,6206144.41206300,0
1735252200000,95766.15000000,95940.14000000,95625.00000000,95821.92000000,169.40196000,1735253999999,16221933.08812650,32049,75.76308000,7255672.89695740,0
1735254000000,95821.92000000,95887.99000000,95372.32000000,95675.99000000,329.94497000,1735255799999,31545358.30674750,77742,137.68677000,13162530.93882870,0
1735255800000,95676.00000000,95856.71000000,95500.00000000,95791.60000000,213.81053000,1735257599999,20471176.24792370,52944,100.60732000,9631522.98414840,0
1735257600000,95791.60000000,95930.39000000,95401.03000000,95712.77000000,411.96851000,1735259399999,39414098.15989570,78364,187.71877000,17958780.11089370,0
1735259400000,95712.76000000,95853.17000000,95453.13000000,95794.56000000,215.73702000,1735261199999,20653251.02638670,59785,100.98489000,9668377.88843130,0
1735261200000,95794.55000000,95922.49000000,95575.07000000,95682.59000000,285.91510000,1735262999999,27393873.44117790,60437,129.61324000,12419247.61856920,0
1735263000000,95682.59000000,96250.00000000,95682.58000000,95917.03000000,440.42383000,1735264799999,42289539.00213670,95908,244.66107000,23484360.18855030,0
1735264800000,95917.02000000,96443.68000000,95850.01000000,96443.27000000,544.90383000,1735266599999,52442150.50343420,102545,345.28226000,33225617.42066210,0
1735266600000,96443.27000000,96443.28000000,95718.75000000,96073.77000000,428.14705000,1735268399999,41151518.52336460,89071,136.65746000,13124583.18632040,0
1735268400000,96073.77000000,96350.82000000,95982.51000000,96234.94000000,222.49324000,1735270199999,21408656.89189300,78601,90.15452000,8673151.14444960,0
1735270200000,96234.94000000,96443.00000000,96114.45000000,96417.84000000,385.65552000,1735271999999,37138365.08461810,81262,146.89359000,14149095.41614310,0
1735272000000,96417.84000000,96575.00000000,96289.95000000,96375.28000000,508.97717000,1735273799999,49104625.78974220,83636,292.60778000,28232269.91138610,0
1735273800000,96375.28000000,96595.98000000,96229.39000000,96300.00000000,383.69391000,1735275599999,36996103.42687840,82808,237.48775000,22899488.01355260,0
1735275600000,96300.01000000,96333.77000000,96001.00000000,96021.35000000,387.35144000,1735277399999,37238376.54460010,74002,160.06009000,15386835.33764820,0
1735277400000,96021.35000000,96265.07000000,96001.00000000,96238.89000000,236.39825000,1735279199999,22727464.58344120,62401,132.78722000,12767023.42858160,0
1735279200000,96238.89000000,96391.54000000,96107.28000000,96343.14000000,170.42072000,1735280999999,16406382.33966990,60465,82.37655000,7930157.59767810,0
1735281000000,96343.13000000,96594.44000000,96242.32000000,96594.16000000,219.13076000,1735282799999,21135696.82752860,61554,111.42326000,10747661.03087010,0
1735282800000,96594.17000000,96604.24000000,95526.32000000,95549.65000000,496.49115000,1735284599999,47648351.20948630,111327,187.62910000,17994785.14086250,0
1735284600000,95549.65000000,95569.58000000,94646.03000000,95104.76000000,2198.06562000,1735286399999,208987213.59052660,266535,1040.85316000,98961009.35892110,0
1735286400000,95104.76000000,96286.02000000,95104.76000000,96080.13000000,944.92216000,1735288199999,90496511.18886200,202131,530.69018000,50815904.87414220,0
1735288200000,96080.14000000,96395.00000000,95695.52000000,95724.02000000,474.15592000,1735289999999,45547396.47603340,128609,184.67287000,17744430.26514020,0
1735290000000,95724.01000000,97544.58000000,95674.00000000,96868.74000000,1896.43110000,1735291799999,184049204.93911040,315975,1125.02100000,109157044.05710340,0
1735291800000,96868.74000000,97034.93000000,96659.86000000,96774.13000000,449.00380000,1735293599999,43487376.30749440,142903,221.00602000,21405909.32656960,0
1735293600000,96774.14000000,97029.25000000,96479.09000000,96585.34000000,343.80215000,1735295399999,33272156.64020600,109771,191.94784000,18577903.10578860,0
1735295400000,96585.34000000,96656.62000000,96195.20000000,96605.46000000,388.27360000,1735297199999,37432450.17407370,130590,205.41339000,19805142.17276310,0
1735297200000,96605.46000000,96656.63000000,96377.77000000,96561.43000000,186.54460000,1735298999999,18009287.65906420,81662,103.28455000,9972125.25250110,0
1735299000000,96561.44000000,96953.71000000,96438.47000000,96952.38000000,280.37524000,1735300799999,27110789.77855710,83926,168.35091000,16279913.16922570,0
1735300800000,96952.38000000,97035.80000000,96688.88000000,96733.46000000,367.40499000,1735302599999,35592144.40916040,99270,161.91298000,15686486.36780040,0
1735302600000,96733.47000000,96900.00000000,96617.64000000,96686.75000000,249.58264000,1735304399999,24140609.76985450,79572,149.71859000,14480016.09635010,0
1735304400000,96686.74000000,96686.74000000,96229.66000000,96423.20000000,547.85591000,1735306199999,52815311.00677940,111445,192.17760000,18531809.01601550,0
1735306200000,96423.21000000,96578.56000000,96265.06000000,96407.99000000,244.03339000,1735307999999,23535456.97549560,131844,121.84985000,11750662.71811200,0
1735308000000,96407.99000000,96480.00000000,96093.21000000,96348.00000000,355.56095000,1735309799999,34236472.13947360,133534,153.91442000,14821173.17857890,0
1735309800000,96348.00000000,96380.71000000,95161.17000000,95691.99000000,1161.18330000,1735311599999,111027364.98161330,277303,553.34990000,52899416.13805950,0
1735311600000,95692.00000000,95718.13000000,94525.63000000,94680.02000000,1472.17743000,1735313399999,139906848.27613290,320737,607.09128000,57680698.60193380,0
1735313400000,94680.02000000,94790.88000000,94011.11000000,94573.75000000,2027.93475000,1735315199999,191249628.63848640,316519,913.22558000,86121363.52351090,0
1735315200000,94573.75000000,94684.14000000,94150.00000000,94659.98000000,1008.14022000,1735316999999,95179599.79606350,252269,504.47896000,47629917.51984170,0
1735317000000,94659.98000000,94996.16000000,94101.02000000,94165.92000000,627.28859000,1735318799999,59258405.04546820,154385,341.73564000,32279358.87887260,0
1735318800000,94165.92000000,94354.82000000,93500.01000000,93766.36000000,1498.57120000,1735320599999,140694465.74569860,198906,590.52201000,55442716.07696880,0
1735320600000,93766.37000000,94319.79000000,93752.55000000,94291.30000000,813.46657000,1735322399999,76536252.26375720,143524,548.80987000,51635793.47805510,0
1735322400000,94291.30000000,94661.04000000,94212.30000000,94572.97000000,350.32620000,1735324199999,33079857.40608970,103288,206.74076000,19522261.51038290,0
1735324200000,94572.98000000,94770.15000000,94352.94000000,94566.06000000,406.12906000,1735325999999,38426204.56279480,86787,213.12556000,20166391.49121100,0
1735326000000,94566.05000000,94656.20000000,94252.00000000,94334.90000000,293.71510000,1735327799999,27732428.67168650,88627,136.57088000,12895604.28999880,0
1735327800000,94334.89000000,94810.07000000,94255.68000000,94750.00000000,281.34023000,1735329599999,26608732.70552180,75118,166.60325000,15757342.22279080,0
1735329600000,94750.11000000,94778.43000000,94313.82000000,94562.17000000,343.68762000,1735331399999,32481227.17690270,70371,192.08030000,18151664.20694590,0
1735331400000,94562.17000000,94700.00000000,94340.00000000,94588.12000000,398.66783000,1735333199999,37684482.12748530,90753,217.51759000,20560257.01511500,0
1735333200000,94588.12000000,94823.09000000,94472.39000000,94697.55000000,188.32001000,1735334999999,17829447.35213290,61820,85.28192000,8073969.65509910,0
1735335000000,94697.55000000,94755.99000000,94379.35000000,94526.07000000,209.21727000,1735336799999,19782738.64121130,57302,71.86591000,6794644.55657170,0
1735336800000,94526.07000000,94625.99000000,94200.00000000,94500.22000000,270.37156000,1735338599999,25522944.24345750,58540,114.10035000,10772446.68577260,0
1735338600000,94500.21000000,94674.50000000,94392.41000000,94437.75000000,189.32358000,1735340399999,17899612.08158710,40240,74.26195000,7019523.10456500,0
1735340400000,94437.75000000,94526.09000000,94252.42000000,94366.77000000,249.92622000,1735342199999,23596674.47067870,67471,124.58135000,11761320.70733670,0
1735342200000,94366.78000000,94507.13000000,94100.60000000,94299.03000000,447.75798000,1735343999999,42210101.18374810,54973,146.42260000,13808087.00117580,0
1735344000000,94299.03000000,94544.35000000,94243.32000000,94458.81000000,270.19074000,1735345799999,25503169.46963270,79723,124.41108000,11742744.06132960,0
1735345800000,94458.80000000,94496.74000000,94314.50000000,94398.75000000,165.06008000,1735347599999,15580026.86685890,75519,79.82120000,7534295.89248110,0
1735347600000,94398.75000000,94446.78000000,94135.66000000,94261.95000000,180.00231000,1735349399999,16969320.44374400,72838,67.94958000,6405398.68765710,0
1735349400000,94261.96000000,94615.24000000,94150.01000000,94556.93000000,197.16940000,1735351199999,18618899.10964010,77613,101.57305000,9588994.31579530,0
1735351200000,94556.92000000,94619.00000000,94467.39000000,94525.07000000,160.25281000,1735352999999,15152904.35226560,43714,81.34130000,7691056.14397180,0
1735353000000,94525.07000000,94596.00000000,94276.01000000,94338.00000000,128.53487000,1735354799999,12136550.54428620,43924,41.81588000,3948487.27902790,0
1735354800000,94338.00000000,94629.47000000,94335.88000000,94608.36000000,124.87616000,1735356599999,11807688.38787730,40073,80.08751000,7573313.82346790,0
1735356600000,94608.36000000,94720.00000000,94517.50000000,94594.91000000,115.43968000,1735358399999,10922434.85347390,35744,53.55887000,5067581.40358740,0
1735358400000,94594.91000000,94643.87000000,94512.74000000,94608.56000000,126.65899000,1735360199999,11979384.37159610,33232,49.21120000,4654556.19592270,0
1735360200000,94608.56000000,94616.71000000,94511.71000000,94524.00000000,58.38275000,1735361999999,5521482.69070380,21714,23.57908000,2229970.02503080,0
1735362000000,94524.00000000,94751.36000000,94523.99000000,94685.60000000,123.95844000,1735363799999,11734093.69433950,35071,72.09008000,6824463.67491950,0
1735363800000,94685.59000000,94800.00000000,94610.54000000,94625.64000000,121.86016000,1735365599999,11540321.29568020,37683,60.00661000,5682462.26892790,0
1735365600000,94625.64000000,94724.88000000,94518.00000000,94538.50000000,170.38213000,1735367399999,16115998.14888660,45769,83.18197000,7868826.75614950,0
1735367400000,94538.49000000,94581.08000000,94405.28000000,94466.49000000,134.02901000,1735369199999,12660875.33221820,50017,75.32864000,7115563.00393070,0
1735369200000,94466.49000000,94634.25000000,94466.48000000,94555.99000000,103.93855000,1735370999999,9828481.92382410,38548,54.43119000,5147010.82166950,0
1735371000000,94555.99000000,94563.12000000,94307.00000000,94381.99000000,131.97400000,1735372799999,12458443.88486530,40424,74.28853000,7012457.34001710,0
1735372800000,94381.98000000,94487.10000000,94312.67000000,94408.63000000,100.84954000,1735374599999,9521189.90380350,40636,57.46716000,5425339.49291040,0
1735374600000,94408.63000000,94539.43000000,94381.29000000,94488.01000000,88.30700000,1735376399999,8342244.40172940,26661,49.01256000,4630016.09478720,0
1735376400000,94488.01000000,94687.34000000,94488.01000000,94598.04000000,166.79015000,1735378199999,15777399.25979190,30991,90.79333000,8587772.52896790,0
1735378200000,94598.03000000,94692.30000000,94589.27000000,94589.27000000,114.55712000,1735379999999,10842134.36635780,31352,52.87477000,5004249.92615160,0
1735380000000,94589.28000000,94702.42000000,94502.21000000,94689.78000000,133.70565000,1735381799999,12650765.01955300,41846,66.06665000,6251129.52008890,0
1735381800000,94689.78000000,94716.06000000,94566.68000000,94619.99000000,142.83449000,1735383599999,13519282.63073310,40371,57.33442000,5427030.57744730,0
1735383600000,94620.00000000,94739.97000000,94600.00000000,94739.96000000,146.62908000,1735385399999,13881053.97119120,40601,74.08119000,7013119.97434310,0
1735385400000,94739.96000000,94883.00000000,94640.01000000,94754.83000000,170.00456000,1735387199999,16105751.83438500,46933,75.56982000,7160295.16646260,0
1735387200000,94754.83000000,94880.00000000,94625.00000000,94649.99000000,154.94482000,1735388999999,14681270.10507140,59643,71.48708000,6774060.71789160,0
1735389000000,94649.99000000,94739.09000000,94577.66000000,94599.57000000,139.30653000,1735390799999,13187087.57867040,39999,66.26151000,6273186.83393300,0
1735390800000,94599.56000000,94761.33000000,94529.87000000,94690.59000000,177.76726000,1735392599999,16829038.10394590,53504,95.07523000,9000759.69402620,0
1735392600000,94690.59000000,94754.48000000,94496.73000000,94665.94000000,216.46750000,1735394399999,20484269.61069840,61343,107.26831000,10151892.17801310,0
1735394400000,94665.29000000,95340.36000000,94584.78000000,94900.00000000,537.26546000,1735396199999,51069526.38497280,133863,317.52786000,30185806.25630410,0
1735396200000,94900.01000000,94977.74000000,94411.76000000,94583.99000000,368.56640000,1735397999999,34882037.57704560,141510,169.55419000,16047520.54244150,0
1735398000000,94583.99000000,94819.57000000,94496.73000000,94708.57000000,210.54497000,1735399799999,19931136.42016530,90903,117.18561000,11093778.80161020,0
1735399800000,94708.57000000,94808.82000000,94375.80000000,94447.29000000,208.28004000,1735401599999,19691724.71657330,68046,92.04328000,8702240.42603040,0
1735401600000,94447.28000000,94621.98000000,94389.45000000,94586.55000000,306.99042000,1735403399999,29003697.15724430,75989,113.21440000,10696732.57646700,0
1735403400000,94586.55000000,94923.06000000,94574.16000000,94874.89000000,249.99144000,1735405199999,23685298.70763870,78662,125.34705000,11878783.38847300,0
1735405200000,94874.89000000,95245.24000000,94810.51000000,95108.71000000,399.82735000,1735406999999,38005508.68451050,126900,199.96841000,19009429.17728700,0
1735407000000,95108.72000000,95202.06000000,94936.95000000,95022.57000000,171.06256000,1735408799999,16264663.33430210,84560,78.25093000,7441082.50986270,0
1735408800000,95022.58000000,95100.00000000,94891.26000000,94981.22000000,172.64060000,1735410599999,16399702.89061640,52563,104.41144000,9918252.49555290,0
1735410600000,94981.22000000,95004.68000000,94715.16000000,94837.31000000,133.00716000,1735412399999,12616978.93448040,53512,52.08490000,4940502.21196990,0
1735412400000,94837.31000000,95099.81000000,94837.30000000,95020.01000000,146.55045000,1735414199999,13917035.27096120,52790,88.58287000,8412067.61773940,0
1735414200000,95020.00000000,95138.05000000,94980.01000000,95027.76000000,118.90947000,1735415999999,11304668.89387810,42980,63.81428000,6066812.08357610,0
1735416000000,95027.75000000,95073.28000000,94878.26000000,94882.68000000,110.89896000,1735417799999,10528992.16041570,54609,57.13478000,5424395.98829950,0
1735417800000,94882.67000000,95151.13000000,94878.26000000,95083.05000000,82.41521000,1735419599999,7830968.24120870,36141,47.43079000,4506396.27579670,0
1735419600000,95083.05000000,95085.76000000,94968.86000000,95029.87000000,123.15286000,1735421399999,11702433.13237250,35972,58.63934000,5571821.76040560,0
1735421400000,95029.87000000,95223.72000000,94985.34000000,95171.67000000,85.73973000,1735423199999,8155379.85520170,34871,45.87691000,4363917.93870780,0
1735423200000,95171.67000000,95461.74000000,95047.11000000,95246.51000000,217.44490000,1735424999999,20702191.62983930,48621,122.75841000,11687848.41987620,0
1735425000000,95246.51000000,95733.99000000,95058.21000000,95326.40000000,339.01929000,1735426799999,32335314.93698140,86632,199.54150000,19032521.37686450,0
1735426800000,95326.40000000,95408.90000000,95112.43000000,95325.91000000,206.03506000,1735428599999,19628384.38081430,93064,100.26207000,9551402.62083980,0
1735428600000,95325.90000000,95408.00000000,95164.00000000,95300.00000000,132.67679000,1735430399999,12644419.36990970,54387,64.00194000,6098995.26115400,0
1735430400000,95300.00000000,95340.00000000,95140.09000000,95140.09000000,155.32858000,1735432199999,14789391.65358080,64299,62.39617000,5940523.73604610,0
1735432200000,95140.10000000,95229.07000000,95042.60000000,95148.49000000,128.45213000,1735433999999,12219386.34029430,48847,74.65981000,7102611.12464270,0
1735434000000,95148.49000000,95210.22000000,94880.00000000,95008.49000000,132.46326000,1735435799999,12586638.52038580,49685,40.43206000,3841928.65774880,0
1735435800000,95008.50000000,95032.00000000,94808.00000000,94857.65000000,183.91004000,1735437599999,17460584.84281340,39421,71.70680000,6808434.87942700,0
1735437600000,94857.66000000,95171.42000000,94851.25000000,95119.95000000,108.51264000,1735439399999,10309027.85789610,33914,58.40034000,5548803.39079360,0
1735439400000,95119.95000000,95211.88000000,95063.70000000,95154.50000000,128.67025000,1735441199999,12241802.95225880,33210,55.84289000,5312850.45055660,0
1735441200000,95154.50000000,95162.71000000,94978.33000000,95124.01000000,102.00581000,1735442999999,9695855.40290420,23783,44.07797000,4189780.93173250,0
1735443000000,95124.02000000,95221.69000000,95080.00000000,95172.40000000,113.76893000,1735444799999,10824324.37577510,32140,50.69597000,4823390.74741290,0
1735444800000,95172.41000000,95283.99000000,95116.00000000,95145.82000000,116.30645000,1735446599999,11069972.57433510,20849,34.63180000,3296357.56144770,0
1735446600000,95145.82000000,95180.45000000,95063.40000000,95126.39000000,95.52555000,1735448399999,9084546.80158590,18063,22.33158000,2123617.47587800,0
1735448400000,95126.39000000,95199.97000000,95071.21000000,95168.09000000,66.15810000,1735450199999,6294258.91363940,16342,28.97458000,2756457.39187070,0
1735450200000,95168.10000000,95168.10000000,95071.21000000,95118.89000000,69.75091000,1735451999999,6634261.15869620,14060,24.54636000,2334666.15451340,0
1735452000000,95118.89000000,95165.18000000,94971.44000000,95165.17000000,124.62429000,1735453799999,11845596.30587140,25718,50.35423000,4786919.08581740,0
1735453800000,95165.18000000,95212.00000000,95100.00000000,95181.70000000,146.35247000,1735455599999,13927208.01749390,22782,49.56628000,4716964.58815210,0
1735455600000,95181.70000000,95271.56000000,95098.98000000,95118.87000000,149.39642000,1735457399999,14219850.48065860,25332,59.98432000,5709598.01992790,0
1735457400000,95118.88000000,95272.05000000,95076.68000000,95272.04000000,107.81667000,1735459199999,10261339.22202090,24427,62.09076000,5909551.81141330,0
1735459200000,95272.05000000,95315.50000000,95103.09000000,95131.66000000,107.64562000,1735460999999,10246262.77901550,28017,46.33456000,4410661.92287740,0
1735461000000,95131.65000000,95156.86000000,95078.50000000,95123.33000000,76.94059000,1735462799999,7318503.78562240,22369,43.14540000,4103839.65789170,0
1735462800000,95123.33000000,95183.45000000,95048.30000000,95183.45000000,76.29451000,1735464599999,7255994.76325060,15943,36.09487000,3432917.21945940,0
1735464600000,95183.44000000,95211.41000000,95099.27000000,95190.49000000,98.78961000,1735466399999,9401792.21525760,18130,56.12108000,5341370.66467310,0
1735466400000,95190.50000000,95275.77000000,95110.00000000,95110.00000000,124.68113000,1735468199999,11867203.29767380,21244,64.17706000,6109469.13126410,0
1735468200000,95110.01000000,95278.85000000,95102.76000000,95167.83000000,159.39293000,1735469999999,15170307.79336090,19898,71.48707000,6803946.10293210,0
1735470000000,95167.83000000,95179.99000000,95066.23000000,95129.88000000,71.50559000,1735471799999,6801958.49386970,17891,34.39625000,3272014.71216490,0
1735471800000,95129.87000000,95183.61000000,95010.00000000,95032.57000000,73.25290000,1735473599999,6967788.84935330,14020,26.56124000,2526598.09543600,0
1735473600000,95032.58000000,95130.24000000,95000.00000000,95000.00000000,105.59798000,1735475399999,10037761.38907690,24903,47.51058000,4516429.01108570,0
1735475400000,95000.01000000,95012.86000000,94900.82000000,94907.89000000,158.45710000,1735477199999,15045465.34743990,48907,57.26301000,5436903.58605320,0
1735477200000,94907.88000000,95015.18000000,94842.70000000,94876.50000000,265.49622000,1735478999999,25204576.76907700,40859,91.14210000,8654348.21822150,0
1735479000000,94876.51000000,94966.31000000,94800.00000000,94928.20000000,218.56821000,1735480799999,20732516.02381440,48673,86.67212000,8223533.73352950,0
1735480800000,94928.20000000,95231.58000000,94520.23000000,94657.26000000,641.93875000,1735482599999,60858243.82669570,128499,238.82112000,22647199.36208580,0
1735482600000,94657.26000000,94820.00000000,94010.00000000,94623.67000000,932.56710000,1735484399999,87978437.82020800,186500,497.48774000,46928652.78272970,0
1735484400000,94623.68000000,94692.36000000,94404.90000000,94650.31000000,294.98630000,1735486199999,27891375.54199470,92730,131.88126000,12470183.52533710,0
1735486200000,94650.32000000,94794.79000000,94511.11000000,94511.12000000,263.60254000,1735487999999,24956273.40754260,53293,120.74360000,11432819.70102120,0
1735488000000,94511.11000000,94578.89000000,93900.01000000,93980.01000000,1034.15181000,1735489799999,97374008.44946010,112574,190.76240000,17961233.77106000,0
1735489800000,93980.00000000,94039.93000000,93600.00000000,93900.01000000,539.71408000,1735491599999,50621653.67205530,137451,248.43250000,23300318.34386010,0
1735491600000,93900.01000000,94117.50000000,93800.37000000,93865.07000000,375.76851000,1735493399999,35315423.50227670,89144,203.71816000,19147474.94160460,0
1735493400000,93865.08000000,94050.00000000,93830.00000000,93945.01000000,235.38772000,1735495199999,22113168.30882180,58860,102.78940000,9656020.19844120,0
1735495200000,93945.00000000,93945.01000000,93693.85000000,93768.45000000,299.69770000,1735496999999,28115357.51967280,60048,133.68341000,12540706.04526350,0
1735497000000,93768.46000000,93927.71000000,93600.00000000,93652.00000000,564.05807000,1735498799999,52870562.57518500,89781,255.96213000,23995311.29873300,0
1735498800000,93652.00000000,93880.00000000,93616.67000000,93726.30000000,225.41878000,1735500599999,21131962.41836830,59182,107.14363000,10042994.04492550,0
1735500600000,93726.31000000,93795.49000000,93367.52000000,93612.89000000,766.28354000,1735502399999,71676687.15167220,104474,211.26044000,19761243.24419450,0
1735502400000,93612.89000000,93665.98000000,93392.01000000,93498.71000000,308.17854000,1735504199999,28810742.38945570,91232,129.24874000,12082546.24470080,0
1735504200000,93498.71000000,93880.00000000,93345.00000000,93858.55000000,413.66799000,1735505999999,38752140.61342720,86707,232.26203000,21762574.38185400,0
1735506000000,93858.55000000,93949.52000000,93600.00000000,93872.26000000,376.86521000,1735507799999,35342837.40126920,72198,182.62842000,17131328.72506800,0
1735507800000,93872.26000000,93944.94000000,93121.00000000,93352.65000000,657.19931000,1735509599999,61397852.15639640,120377,223.56626000,20888865.93762870,0
1735509600000,93352.65000000,93507.99000000,93087.97000000,93310.01000000,615.30639000,1735511399999,57403442.57194970,96227,232.89192000,21719442.66031440,0
1735511400000,93310.00000000,93770.41000000,93088.04000000,93135.32000000,528.35102000,1735513199999,49380162.16748150,104888,255.41457000,23878701.59624240,0
1735513200000,93135.32000000,93520.00000000,93009.52000000,93500.55000000,630.55187000,1735514999999,58754425.81640040,182016,278.78710000,25979590.00172600,0
1735515000000,93500.55000000,93871.02000000,93488.83000000,93738.20000000,406.64566000,1735516799999,38111929.73949190,125931,222.30380000,20833719.23298150,0
1735516800000,93738.19000000,93908.24000000,93510.00000000,93671.68000000,375.27474000,1735518599999,35155952.83789340,138193,197.15772000,18471059.65940230,0
1735518600000,93671.69000000,93722.99000000,93500.00000000,93583.96000000,200.49524000,1735520399999,18764696.92269310,95791,85.06921000,7961837.54006940,0
1735520400000,93583.96000000,93916.62000000,93368.93000000,93861.89000000,450.30610000,1735522199999,42172092.33320570,121542,224.95070000,21064903.35326590,0
1735522200000,93861.89000000,94274.29000000,93438.99000000,93948.42000000,702.16599000,1735523999999,65879337.31437720,183138,368.47668000,34582988.67026460,0
1735524000000,93948.41000000,93973.61000000,93436.17000000,93532.00000000,429.39950000,1735525799999,40213134.40015180,113340,191.94966000,17975151.08414950,0
1735525800000,93532.00000000,93936.24000000,93413.72000000,93906.41000000,338.05245000,1735527599999,31660771.34418720,98202,191.25981000,17914169.62281630,0
1735527600000,93906.41000000,94080.00000000,93780.00000000,93890.62000000,250.34362000,1735529399999,23520465.50515030,72975,122.22069000,11482447.95042810,0
1735529400000,93890.62000000,93919.90000000,93639.87000000,93722.71000000,152.59260000,1735531199999,14305589.43636750,58442,56.22123000,5271067.83913970,0
1735531200000,93722.72000000,93979.45000000,93434.82000000,93555.98000000,302.21600000,1735532999999,28318091.45142730,71966,151.16862000,14175272.49234820,0
1735533000000,93555.98000000,93673.86000000,93264.14000000,93280.26000000,261.57009000,1735534799999,24454947.21760730,86839,103.62229000,9691150.92924270,0
1735534800000,93280.27000000,93527.57000000,93240.03000000,93249.95000000,221.90653000,1735536599999,20712227.91513760,82033,111.37297000,10394933.44000460,0
1735536600000,93249.95000000,93581.53000000,93246.96000000,93581.53000000,250.54873000,1735538399999,23402630.65557250,69391,132.38609000,12365662.46361740,0
1735538400000,93581.53000000,94060.35000000,93517.38000000,93886.19000000,359.11006000,1735540199999,33694560.62266370,82170,201.21639000,18882250.21952670,0
1735540200000,93886.19000000,93949.75000000,93733.69000000,93901.29000000,273.72611000,1735541999999,25688301.48674010,83210,185.96288000,17451410.86522560,0
1735542000000,93901.29000000,93947.99000000,93500.01000000,93546.71000000,202.79512000,1735543799999,19013079.05140370,68811,91.47478000,8581983.18301680,0
1735543800000,93546.71000000,93764.00000000,93319.99000000,93731.65000000,568.10977000,1735545599999,53139085.49855730,84897,248.02967000,23209597.99441180,0
1735545600000,93731.66000000,93917.77000000,93723.29000000,93835.70000000,221.44363000,1735547399999,20776466.09156820,70464,115.79594000,10864426.99193880,0
1735547400000,93835.71000000,93967.21000000,93725.15000000,93851.11000000,151.76957000,1735549199999,14245997.54473590,59769,83.27234000,7816173.80983180,0
1735549200000,93851.10000000,93950.27000000,93686.68000000,93902.45000000,214.23048000,1735550999999,20094246.30517800,84532,98.82308000,9269657.89143740,0
1735551000000,93902.45000000,94023.84000000,93857.84000000,93892.35000000,245.27123000,1735552799999,23037986.16534790,59698,109.97925000,10330369.93155040,0
1735552800000,93892.35000000,94068.56000000,93864.00000000,93919.99000000,162.35945000,1735554599999,15253233.18028090,40093,72.90256000,6849750.32083750,0
1735554600000,93920.00000000,93920.01000000,93730.95000000,93793.27000000,141.68482000,1735556399999,13290893.41867920,42057,61.37407000,5756664.79048000,0
1735556400000,93793.27000000,93938.07000000,93469.56000000,93880.98000000,347.51774000,1735558199999,32537492.31736510,75183,158.02517000,14796439.58453800,0
1735558200000,93880.98000000,93953.09000000,93832.04000000,93923.14000000,199.62577000,1735559999999,18743429.93559770,43876,97.01730000,9108901.64404800,0
1735560000000,93923.14000000,94277.23000000,93889.69000000,94121.31000000,292.61905000,1735561799999,27517394.91626260,59859,162.02838000,15239383.04465050,0
1735561800000,94121.31000000,94178.67000000,93722.06000000,93750.69000000,353.93254000,1735563599999,33229413.74165170,97747,141.45758000,13279598.19537320,0
1735563600000,93750.68000000,93820.90000000,93215.00000000,93293.48000000,896.67312000,1735565399999,83763019.27166510,132741,346.27729000,32346473.89939050,0
1735565400000,93293.47000000,93396.10000000,92613.00000000,92680.52000000,1386.79023000,1735567199999,128897908.33277370,205207,516.93174000,48029824.33622230,0
1735567200000,92680.52000000,93100.00000000,92586.01000000,93099.98000000,720.94713000,1735568999999,66907154.92226230,178058,340.86060000,31644605.35242070,0
1735569000000,93099.99000000,93120.00000000,91820.46000000,91883.99000000,2416.06102000,1735570799999,223050305.62326290,349684,815.68761000,75330972.92522360,0
1735570800000,91884.00000000,92256.00000000,91530.45000000,91688.66000000,1696.79715000,1735572599999,155706660.11691770,225708,860.17481000,78939119.93133370,0
1735572600000,91688.66000000,92473.32000000,91638.63000000,92130.21000000,1532.14226000,1735574399999,140969606.42642960,194955,813.12315000,74804785.80095020,0
1735574400000,92130.21000000,92227.17000000,91800.00000000,91994.35000000,663.28167000,1735576199999,61022482.33443000,131237,269.48583000,24794654.16466450,0
1735576200000,91994.13000000,92179.87000000,91883.32000000,92120.60000000,521.76055000,1735577999999,48018322.50438630,101869,222.92373000,20513778.42320730,0
1735578000000,92120.60000000,92576.91000000,91980.53000000,92538.03000000,533.08789000,1735579799999,49193950.04790730,122944,295.14039000,27239726.24005930,0
1735579800000,92538.03000000,94200.00000000,92475.23000000,93832.83000000,1554.29849000,1735581599999,145460276.13851700,221629,878.85661000,82236072.83277770,0
1735581600000,93832.82000000,94684.09000000,93570.00000000,94347.99000000,1302.87550000,1735583399999,122864748.08155940,213578,785.94775000,74124618.53585730,0
1735583400000,94347.99000000,94675.51000000,94222.00000000,94583.99000000,659.86732000,1735585199999,62336194.15032550,138321,300.27848000,28366656.81660430,0
1735585200000,94583.98000000,94622.75000000,93939.29000000,94143.62000000,603.11074000,1735586999999,56863623.44422740,137044,271.43259000,25593491.75981840,0
1735587000000,94143.62000000,94441.80000000,94143.62000000,94417.04000000,292.69801000,1735588799999,27607917.73959570,102920,150.57222000,14202057.11371110,0
1735588800000,94417.04000000,95024.50000000,94409.00000000,94632.88000000,706.52420000,1735590599999,66927004.62345170,121204,393.30453000,37262525.18656990,0
1735590600000,94632.88000000,94712.16000000,94296.75000000,94338.80000000,439.51637000,1735592399999,41529472.27044180,125528,184.83790000,17463479.28789640,0
1735592400000,94338.80000000,94376.30000000,93828.60000000,93928.98000000,400.46097000,1735594199999,37695535.00650290,70241,141.74737000,13342664.90636350,0
1735594200000,93928.98000000,93928.98000000,91901.57000000,92076.00000000,1874.33752000,1735595999999,173575985.04249530,283948,851.43571000,78803824.95621030,0
1735596000000,92076.00000000,92774.65000000,91948.00000000,92597.02000000,792.75236000,1735597799999,73230896.95803520,157773,385.51678000,35603511.83380450,0
1735597800000,92597.02000000,93027.69000000,92597.01000000,92784.75000000,377.86723000,1735599599999,35084555.28438850,78956,199.04272000,18480370.01007650,0
1735599600000,92784.76000000,92786.15000000,92389.28000000,92684.26000000,274.80487000,1735601399999,25435520.84655020,73099,142.63026000,13202903.52114710,0
1735601400000,92684.26000000,92893.40000000,92592.85000000,92792.05000000,303.70097000,1735603199999,28163402.99354960,49701,162.77333000,15095906.90640300,0
1735603200000,92792.05000000,92907.03000000,92505.01000000,92564.29000000,261.11111000,1735604999999,24211421.71298850,62709,99.63167000,9240043.49349020,0
1735605000000,92564.29000000,92868.22000000,92375.15000000,92450.00000000,322.93660000,1735606799999,29892521.43073350,70725,164.85156000,15262791.27125010,0
1735606800000,92450.00000000,92575.76000000,92065.00000000,92145.75000000,1016.21576000,1735608599999,93822388.65241860,94174,386.03574000,35667406.48163840,0
1735608600000,92145.74000000,92543.74000000,92033.73000000,92435.57000000,226.90631000,1735610399999,20952026.18910170,57778,121.91147000,11259273.85921410,0
1735610400000,92435.73000000,92610.54000000,92303.21000000,92596.73000000,176.76245000,1735612199999,16347175.49865350,57049,92.88331000,8589721.73642330,0
1735612200000,92596.73000000,92702.43000000,92474.37000000,92476.35000000,236.81888000,1735613999999,21916947.60585130,42336,145.93914000,13505077.78477310,0
1735614000000,92476.35000000,92654.74000000,92250.00000000,92555.28000000,272.75453000,1735615799999,25208272.01470410,48700,159.13060000,14707839.49298810,0
1735615800000,92555.29000000,92631.97000000,92355.40000000,92509.59000000,159.76098000,1735617599999,14777642.06183180,41354,71.15369000,6581572.31509390,0
1735617600000,92509.60000000,92832.29000000,92500.17000000,92608.56000000,245.43880000,1735619399999,22742201.55017230,43952,170.40275000,15789664.40562090,0
1735619400000,92608.56000000,92733.31000000,92344.07000000,92448.00000000,263.43509000,1735621199999,24358055.72239590,41415,107.86184000,9975723.48393780,0
1735621200000,92448.00000000,92711.00000000,92357.71000000,92601.14000000,181.98657000,1735622999999,16843536.55009700,37299,111.19907000,10293053.18834350,0
1735623000000,92601.14000000,92750.00000000,92548.00000000,92596.08000000,148.98371000,1735624799999,13803804.17061620,41975,73.45321000,6805683.31857950,0
1735624800000,92596.08000000,93040.10000000,92568.50000000,92813.02000000,388.22985000,1735626599999,36046852.46350660,58166,245.18461000,22761817.01941680,0
1735626600000,92813.01000000,92839.94000000,92611.82000000,92816.00000000,197.46328000,1735628399999,18313961.11543200,35718,87.18184000,8087488.69938600,0
1735628400000,92816.00000000,92910.01000000,92770.00000000,92856.66000000,223.73354000,1735630199999,20775474.11296310,30457,119.09837000,11060064.77820840,0
1735630200000,92856.66000000,92910.03000000,92782.56000000,92860.75000000,261.50211000,1735631999999,24283601.19608940,31046,163.01206000,15137492.69929880,0
1735632000000,92860.75000000,94196.00000000,92842.88000000,94097.36000000,713.86384000,1735633799999,66764749.48698120,80667,436.04653000,40770087.89827730,0
1735633800000,94097.36000000,94741.68000000,93766.39000000,93933.38000000,1064.55031000,1735635599999,100404590.73681170,163387,505.03581000,47637931.72578380,0
1735635600000,93933.38000000,94151.52000000,93831.24000000,93968.00000000,441.02860000,1735637399999,41460044.04107090,93081,193.51954000,18190229.01899830,0
1735637400000,93968.47000000,94119.04000000,93889.38000000,94023.88000000,253.59296000,1735639199999,23841379.43397950,54812,107.47023000,10103605.54025760,0
1735639200000,94023.88000000,94090.82000000,93664.06000000,94022.00000000,441.32498000,1735640999999,41415770.91224080,60778,213.19928000,20010676.11902000,0
1735641000000,94022.00000000,94271.29000000,93952.18000000,94113.69000000,273.84448000,1735642799999,25777913.20756860,55686,127.13319000,11966903.79403870,0
1735642800000,94113.69000000,94270.44000000,93992.60000000,94065.60000000,321.87367000,1735644599999,30287169.31261450,34582,96.01884000,9036191.48486730,0
1735644600000,94065.60000000,94285.12000000,93984.00000000,94232.68000000,218.34927000,1735646399999,20562754.08050260,32560,101.43013000,9551873.85317130,0
1735646400000,94232.68000000,94818.49000000,94232.67000000,94802.96000000,754.07895000,1735648199999,71315581.86591730,57120,483.55689000,45736991.99196020,0
1735648200000,94802.95000000,94958.85000000,94504.21000000,94539.85000000,498.10110000,1735649999999,47197117.18683280,69343,231.05776000,21900035.73474270,0
1735650000000,94539.86000000,96054.79000000,94524.43000000,95744.00000000,946.44188000,1735651799999,90223073.35720790,117431,614.07146000,58541506.92756010,0
1735651800000,95744.00000000,95973.95000000,95436.00000000,95587.12000000,857.05999000,1735653599999,82060133.48552770,105535,451.11339000,43203493.45697700,0
1735653600000,95587.12000000,95926.44000000,95484.69000000,95848.30000000,558.20426000,1735655399999,53422854.36160610,70932,219.56266000,21018628.64706460,0
1735655400000,95848.30000000,96250.00000000,95372.35000000,95679.17000000,946.13291000,1735657199999,90561818.33302630,194558,461.49271000,44185380.79896410,0
1735657200000,95679.17000000,95823.29000000,94909.12000000,95575.76000000,886.47806000,1735658999999,84540376.69391200,175515,377.49472000,36013733.01260590,0
1735659000000,95575.76000000,95982.62000000,95327.77000000,95412.00000000,475.89548000,1735660799999,45504781.55375490,124225,203.01758000,19414743.68649860,0
1735660800000,95412.00000000,95590.52000000,94930.47000000,94957.28000000,449.49554000,1735662599999,42808880.00189430,99084,189.17575000,18019388.05907300,0
1735662600000,94957.28000000,94990.56000000,94606.40000000,94868.42000000,592.98943000,1735664399999,56222597.96172250,88717,216.08850000,20488065.13044060,0
1735664400000,94868.41000000,95047.71000000,94500.00000000,94538.08000000,291.55651000,1735666199999,27633823.27769320,76956,148.59983000,14085295.57747140,0
1735666200000,94538.08000000,94563.20000000,93189.59000000,94120.94000000,1040.84722000,1735667999999,97621213.73930720,195779,486.60813000,45631392.50469160,0
1735668000000,94120.92000000,94416.72000000,93779.80000000,93979.48000000,575.08934000,1735669799999,54130624.58562830,117333,290.23692000,27329141.80925730,0
1735669800000,93979.49000000,94200.00000000,93818.18000000,93875.68000000,241.72083000,1735671599999,22730114.49985280,73240,109.21524000,10269898.74814350,0
1735671600000,93875.69000000,94290.91000000,93857.29000000,93930.14000000,294.26290000,1735673399999,27671964.17226100,58854,157.96376000,14855119.06887580,0
1735673400000,93930.14000000,94166.89000000,93712.45000000,94166.88000000,168.53052000,1735675199999,15834383.40281950,45419,95.39433000,8962998.20142450,0
1735675200000,94166.88000000,94222.50000000,93876.74000000,94091.40000000,201.03936000,1735676999999,18910132.76565130,41289,95.41916000,8974206.64859420,0
1735677000000,94091.39000000,94102.63000000,93450.17000000,93564.04000000,532.00211000,1735678799999,49843411.13158680,76667,248.84570000,23308642.36600080,0
1735678800000,93564.01000000,93773.77000000,93504.67000000,93609.85000000,215.33654000,1735680599999,20163205.00065350,42258,106.85395000,10005145.31375620,0
1735680600000,93609.84000000,93964.15000000,93599.98000000,93899.68000000,122.19061000,1735682399999,11466918.24949690,25934,63.82803000,5989348.96485660,0
1735682400000,93899.67000000,93899.67000000,93569.70000000,93722.23000000,144.54837000,1735684199999,13546625.60616720,28305,76.81891000,7199495.05399580,0
1735684200000,93722.23000000,93833.46000000,93375.58000000,93488.84000000,170.98435000,1735685999999,16007015.67519830,24812,85.35563000,7991357.49007980,0
1735686000000,93488.83000000,93756.00000000,93375.38000000,93731.05000000,175.87593000,1735687799999,16457280.11521500,36286,97.66560000,9140283.58586800,0
1735687800000,93731.06000000,93734.91000000,93456.00000000,93576.00000000,160.70402000,1735689599999,15034621.64044590,31849,79.74666000,7459815.36442250,0
1735689600000,93576.00000000,93898.05000000,93489.03000000,93761.90000000,271.27422000,1735691399999,25410468.28746640,40266,115.51515000,10821401.25043520,0
1735691400000,93761.90000000,94509.42000000,93761.89000000,94401.14000000,484.71588000,1735693199999,45658342.27199740,53259,305.56804000,28775376.52949070,0
1735693200000,94401.13000000,94408.72000000,93819.60000000,93825.86000000,387.23250000,1735694999999,36401964.37692810,46486,177.76295000,16713208.47830820,0
1735695000000,93825.86000000,93989.37000000,93578.77000000,93607.74000000,199.30206000,1735696799999,18694642.52967270,33457,79.65728000,7474729.84755500,0
1735696800000,93607.74000000,93805.16000000,93594.56000000,93742.52000000,152.93592000,1735698599999,14335456.80502060,31070,102.81563000,9637541.18333950,0
1735698600000,93742.51000000,94105.12000000,93742.51000000,94098.91000000,123.84453000,1735700399999,11638633.83078880,24008,82.53641000,7756229.24890850,0
1735700400000,94098.90000000,94098.91000000,93766.23000000,93830.89000000,112.48847000,1735702199999,10566593.29531710,21449,52.11469000,4895808.77287680,0
1735702200000,93830.90000000,93891.15000000,93728.22000000,93838.04000000,108.50455000,1735703999999,10181447.71108840,13552,67.80671000,6362856.40982320,0
1735704000000,93838.04000000,93838.04000000,93679.07000000,93738.09000000,141.00467000,1735705799999,13216765.75142230,18691,86.38050000,8096596.86650240,0
1735705800000,93738.09000000,93738.10000000,93500.00000000,93553.91000000,138.46442000,1735707599999,12962290.37372720,19906,46.60497000,4364027.89828720,0
1735707600000,93553.91000000,93933.33000000,93547.40000000,93891.74000000,141.23578000,1735709399999,13234482.08366970,19381,92.53414000,8672059.48575650,0
1735709400000,93891.74000000,93937.19000000,93792.01000000,93792.02000000,67.94362000,1735711199999,6376308.76864820,14458,30.68404000,2879515.54243310,0
1735711200000,93792.02000000,93792.02000000,93603.21000000,93654.50000000,94.66068000,1735712999999,8868018.22040860,14579,40.33184000,3778065.37755970,0
1735713000000,93654.50000000,93757.58000000,93568.38000000,93757.58000000,177.61778000,1735714799999,16635557.64687530,15487,125.57379000,11761240.01509680,0
1735714800000,93757.57000000,93786.04000000,93664.08000000,93786.03000000,72.64035000,1735716599999,6807575.64686530,11669,38.40324000,3599046.10643320,0
1735716600000,93786.03000000,93800.00000000,93664.09000000,93684.10000000,125.29423000,1735718399999,11744073.21824520,11222,31.98621000,2998651.30609700,0
1735718400000,93684.11000000,93756.02000000,93304.00000000,93416.41000000,317.37640000,1735720199999,29696215.49613430,22216,88.39311000,8272655.24243330,0
1735720200000,93416.41000000,93547.83000000,93320.00000000,93428.46000000,164.33533000,1735721999999,15358814.48621030,29248,73.74524000,6892144.72620200,0
1735722000000,93428.47000000,93486.29000000,92888.00000000,93141.91000000,431.78652000,1735723799999,40226244.09927870,54899,161.06821000,15013261.56223930,0
1735723800000,93141.91000000,93446.48000000,93001.00000000,93413.06000000,366.71121000,1735725599999,34183578.81976230,38580,243.48290000,22702303.28179960,0
1735725600000,93413.07000000,93536.75000000,93357.67000000,93410.25000000,138.87580000,1735727399999,12978782.51610990,25761,57.35924000,5361172.51839490,0
1735727400000,93410.25000000,93509.74000000,93284.00000000,93326.23000000,126.67612000,1735729199999,11828252.14970500,23552,61.50365000,5742815.15289610,0
1735729200000,93326.24000000,93485.88000000,93200.00000000,93485.88000000,159.94019000,1735730999999,14932047.63506590,28830,92.40912000,8628132.74148370,0
1735731000000,93485.88000000,93705.08000000,93402.00000000,93444.64000000,161.78206000,1735732799999,15132317.50051670,29312,94.50594000,8840709.44613140,0
1735732800000,93444.65000000,93972.00000000,93407.07000000,93888.31000000,334.71719000,1735734599999,31355340.60089430,35736,247.01479000,23143078.57715590,0
1735734600000,93888.30000000,93909.10000000,93700.73000000,93820.76000000,164.63894000,1735736399999,15446106.98080150,23192,95.35021000,8946163.15726210,0
1735736400000,93820.75000000,93900.00000000,93600.28000000,93729.30000000,162.40121000,1735738199999,15222754.73373410,34941,78.37380000,7347044.95076040,0
1735738200000,93729.30000000,94058.79000000,93724.00000000,94031.76000000,177.96266000,1735739999999,16708604.96790360,29538,119.07059000,11180990.57300640,0
1735740000000,94031.77000000,94450.85000000,93883.66000000,93919.99000000,406.18562000,1735741799999,38268736.85846100,65303,239.21667000,22538060.15351440,0
1735741800000,93919.99000000,94225.58000000,93671.48000000,94175.89000000,345.72135000,1735743599999,32504149.04136050,58979,173.71497000,16333626.77962080,0
1735743600000,94175.89000000,94265.75000000,93900.00000000,94160.50000000,221.49823000,1735745399999,20846373.52401080,35236,90.85180000,8551047.47894550,0
1735745400000,94160.50000000,94500.00000000,94089.16000000,94432.94000000,264.58572000,1735747199999,24950167.15222750,42254,143.90640000,13569141.74701880,0
1735747200000,94432.94000000,94492.00000000,94096.01000000,94149.98000000,324.97033000,1735748999999,30647531.86637730,49233,170.87901000,16115391.35573150,0
1735749000000,94149.99000000,94188.77000000,93922.00000000,94090.49000000,255.30351000,1735750799999,24009119.65839880,38289,116.32849000,10939784.94570690,0
1735750800000,94090.50000000,94131.66000000,93760.93000000,93973.11000000,183.80447000,1735752599999,17263094.13179830,37455,91.80796000,8622659.77710940,0
1735752600000,93973.12000000,94189.16000000,93897.75000000,94143.85000000,120.06348000,1735754399999,11289961.06936280,23964,59.19718000,5566937.36297840,0
1735754400000,94143.84000000,94240.44000000,93936.44000000,94208.43000000,98.05808000,1735756199999,9225551.76444270,22745,52.44924000,4934833.55459530,0
1735756200000,94208.43000000,94380.44000000,94191.73000000,94340.06000000,193.73023000,1735757999999,18266295.81842680,31292,109.29349000,10305701.11488080,0
1735758000000,94340.06000000,94398.74000000,94168.01000000,94261.99000000,147.69316000,1735759799999,13924863.97181380,30231,59.61963000,5620814.19935350,0
1735759800000,94261.99000000,94823.75000000,94148.34000000,94627.07000000,397.43056000,1735761599999,37578023.21572140,54771,209.94136000,19852248.22264700,0
1735761600000,94627.08000000,94836.00000000,94579.83000000,94711.84000000,221.39956000,1735763399999,20968736.12794430,27545,88.67101000,8398562.03074480,0
1735763400000,94711.84000000,94852.70000000,94644.15000000,94786.23000000,203.02512000,1735765199999,19241370.35913230,31696,103.27344000,9787700.42092990,0
1735765200000,94786.23000000,95151.15000000,94687.87000000,94955.98000000,391.22645000,1735766999999,37127159.76034730,44774,254.42481000,24146091.69895920,0
1735767000000,94955.99000000,95000.00000000,94734.57000000,94978.48000000,245.58511000,1735768799999,23298078.84009690,40491,108.61404000,10303985.94711100,0
1735768800000,94978.48000000,94997.32000000,94685.81000000,94735.50000000,216.26985000,1735770599999,20503446.36305920,26569,88.01455000,8343647.63661910,0
1735770600000,94735.49000000,94970.34000000,94735.49000000,94802.98000000,193.50417000,1735772399999,18352906.74550980,22925,98.51994000,9343687.45888510,0
1735772400000,94802.99000000,94952.29000000,94600.00000000,94637.69000000,243.52171000,1735774199999,23074543.65667210,38923,103.29929000,9788531.86672400,0
1735774200000,94637.69000000,94757.29000000,94542.00000000,94591.79000000,193.38613000,1735775999999,18302403.40857680,29136,97.16081000,9194755.63984720,0
1735776000000,94591.78000000,95200.00000000,94392.00000000,94928.71000000,499.57699000,1735777799999,47328154.50044610,74624,240.61817000,22802836.09139040,0
1735777800000,94928.71000000,95381.70000000,94724.00000000,95128.59000000,682.18874000,1735779599999,64895026.61016090,104218,339.40818000,32287626.99614320,0
1735779600000,95128.59000000,95516.00000000,95020.00000000,95081.09000000,749.11483000,1735781399999,71390898.00300230,76992,446.07801000,42517781.17661620,0
1735781400000,95081.08000000,95081.09000000,94699.69000000,94862.72000000,394.25134000,1735783199999,37401622.60305820,46460,206.42710000,19582257.77543160,0
1735783200000,94862.73000000,95136.37000000,94803.03000000,95026.52000000,237.45587000,1735784999999,22559739.66639320,39189,99.77429000,9477525.29497390,0
1735785000000,95026.51000000,95234.37000000,94829.00000000,95234.36000000,218.19413000,1735786799999,20742418.36345990,32607,121.76050000,11574851.13819500,0
1735786800000,95234.37000000,95299.24000000,94960.36000000,95075.77000000,178.83169000,1735788599999,17007515.42392940,28264,91.65892000,8716281.46630020,0
1735788600000,95075.77000000,95093.83000000,94913.75000000,95010.33000000,111.45417000,1735790399999,10586353.31900450,19297,50.18481000,4766641.10293530,0
1735790400000,95010.34000000,95273.45000000,94984.84000000,95173.88000000,234.24722000,1735792199999,22285188.80424680,29176,107.99316000,10273803.05603290,0
1735792200000,95173.87000000,96000.00000000,95173.87000000,95708.07000000,691.37197000,1735793999999,66187125.60680000,81423,420.65479000,40259828.49856810,0
1735794000000,95708.07000000,95800.00000000,95395.21000000,95760.99000000,514.15945000,1735795799999,49153970.32082440,51282,305.06101000,29161779.06946120,0
1735795800000,95760.98000000,95775.37000000,95508.11000000,95596.48000000,187.95776000,1735797599999,17977555.27100470,27941,62.36306000,5966307.23265050,0
1735797600000,95596.48000000,95697.01000000,95380.04000000,95460.00000000,191.52706000,1735799399999,18292629.76269510,32722,106.96894000,10216965.38727000,0
1735799400000,95460.00000000,95594.15000000,95384.57000000,95574.99000000,325.94066000,1735801199999,31115819.41637020,26524,192.00245000,18327359.44170710,0
1735801200000,95575.00000000,95836.00000000,95505.35000000,95773.30000000,210.26240000,1735802999999,20125322.51239260,27998,121.22170000,11602333.90893640,0
1735803000000,95773.30000000,95880.00000000,95692.46000000,95822.00000000,242.36533000,1735804799999,23219392.06175040,25466,128.20808000,12282362.93410040,0
1735804800000,95822.01000000,96050.03000000,95650.78000000,95721.42000000,415.70016000,1735806599999,39855816.06535270,41915,243.85923000,23384863.23055040,0
1735806600000,95721.43000000,96211.54000000,95640.05000000,96150.00000000,429.06147000,1735808399999,41208182.45568430,42893,204.87721000,19672735.36267940,0
1735808400000,96150.00000000,96435.67000000,96036.86000000,96393.50000000,466.48033000,1735810199999,44897929.32789260,49938,214.93373000,20692404.07852330,0
1735810200000,96393.51000000,96799.86000000,96287.87000000,96755.51000000,509.54495000,1735811999999,49179296.99248820,58220,253.88557000,24507163.76530860,0
1735812000000,96755.51000000,96808.37000000,96563.77000000,96697.95000000,541.37536000,1735813799999,52343101.10623550,47973,264.63157000,25586215.48850350,0
1735813800000,96697.95000000,96764.02000000,96538.77000000,96708.00000000,285.37150000,1735815599999,27581335.39271530,36719,129.30133000,12497855.37876240,0
1735815600000,96708.00000000,96876.38000000,96469.46000000,96556.16000000,364.31216000,1735817399999,35217322.19981730,37575,170.73856000,16505807.08815020,0
1735817400000,96556.16000000,96789.47000000,96550.69000000,96732.99000000,169.35158000,1735819199999,16370591.02724370,26794,72.44598000,7002821.89262930,0
1735819200000,96733.00000000,96895.00000000,96609.42000000,96754.72000000,360.02599000,1735820999999,34833616.18370550,39543,163.74404000,15843581.90287740,0
1735821000000,96754.72000000,96865.05000000,96611.00000000,96850.01000000,317.27911000,1735822799999,30703272.07220880,36097,135.82864000,13144503.11048460,0
1735822800000,96850.01000000,96988.05000000,96630.00000000,96763.60000000,514.14349000,1735824599999,49755555.81992980,43221,255.30413000,24709249.07730950,0
1735824600000,96763.61000000,96794.97000000,96436.00000000,96458.17000000,389.13098000,1735826399999,37592553.41856240,52553,132.55649000,12805200.61971840,0
1735826400000,96458.17000000,96491.15000000,95924.60000000,96474.83000000,755.54623000,1735828199999,72728249.73117310,103263,370.45303000,35663800.12588360,0
1735828200000,96474.83000000,97440.91000000,96267.45000000,97256.49000000,2251.55833000,1735829999999,218242391.39513620,249204,1174.48003000,113854008.60757090,0
1735830000000,97256.48000000,97323.16000000,96313.00000000,96666.85000000,1061.20662000,1735831799999,102817222.48359990,181955,465.57349000,45095514.28687760,0
1735831800000,96666.85000000,96744.82000000,96164.78000000,96455.01000000,945.84038000,1735833599999,91194121.04492710,152425,438.46835000,42276900.96325790,0
1735833600000,96455.01000000,97387.15000000,96040.04000000,97387.15000000,918.03444000,1735835399999,88826202.74438150,156340,509.40806000,49270375.40863490,0
1735835400000,97387.14000000,97650.00000000,97152.89000000,97229.74000000,806.99546000,1735837199999,78612622.57859490,161832,401.82945000,39147496.86929990,0
1735837200000,97229.75000000,97591.84000000,97033.95000000,97084.41000000,484.47787000,1735838999999,47149305.01869070,128481,197.85573000,19264874.00296290,0
1735839000000,97084.41000000,97099.46000000,96325.44000000,96757.57000000,788.27988000,1735840799999,76155757.21739550,208491,366.39815000,35385899.98393170,0
1735840800000,96757.57000000,97113.44000000,96400.00000000,96903.00000000,479.15018000,1735842599999,46389419.73963080,177115,264.65789000,25622916.11267870,0
1735842600000,96902.99000000,97350.00000000,96634.61000000,97319.74000000,360.75442000,1735844399999,34998956.93340480,121071,200.36748000,19444300.54771500,0
1735844400000,97319.74000000,97777.00000000,97212.81000000,97600.00000000,405.85314000,1735846199999,39582899.03919100,105507,211.56577000,20635346.26276500,0
1735846200000,97600.00000000,97600.00000000,97200.00000000,97317.74000000,308.55651000,1735847999999,30052214.55080560,103173,122.38877000,11918283.59615740,0
1735848000000,97317.74000000,97839.50000000,97317.74000000,97600.00000000,341.71440000,1735849799999,33379930.12355480,99215,171.42821000,16744709.31952720,0
1735849800000,97600.01000000,97728.93000000,97300.00000000,97306.46000000,377.13240000,1735851599999,36764940.63094410,119673,178.15873000,17368009.11730580,0
1735851600000,97306.46000000,97355.77000000,97060.52000000,97124.48000000,216.47964000,1735853399999,21044432.57784880,42347,81.41787000,7915103.94661530,0
1735853400000,97124.48000000,97265.28000000,97040.16000000,97212.68000000,177.66763000,1735855199999,17266033.51135360,38773,99.04094000,9625055.43307520,0
1735855200000,97212.69000000,97212.69000000,96666.66000000,96882.80000000,272.84023000,1735856999999,26442380.87158920,58669,117.18569000,11353658.51512580,0
1735857000000,96882.80000000,97042.26000000,96841.69000000,96911.04000000,145.94069000,1735858799999,14147554.11812570,37711,73.20536000,7095945.37374840,0
1735858800000,96911.04000000,97022.76000000,96758.17000000,96973.53000000,278.22109000,1735860599999,26952677.41878290,54869,117.20333000,11356451.31259170,0
1735860600000,96973.52000000,97077.78000000,96847.16000000,96984.79000000,163.56325000,1735862399999,15857236.64477450,31341,72.39388000,7019118.98173740,0
1735862400000,96984.79000000,97080.96000000,96796.56000000,97025.92000000,188.41298000,1735864199999,18267309.88951320,47081,103.46435000,10031439.59642610,0
1735864200000,97025.92000000,97068.14000000,96799.96000000,96825.82000000,126.59675000,1735865999999,12270218.74518200,33778,42.49718000,4119515.24549980,0
1735866000000,96825.83000000,96907.13000000,96650.00000000,96907.12000000,188.29666000,1735867799999,18224588.68433020,58416,92.29969000,8933510.22364250,0
1735867800000,96907.13000000,97000.00000000,96682.69000000,96985.47000000,154.06248000,1735869599999,14919272.81263830,39823,68.99958000,6681397.23732060,0
1735869600000,96985.47000000,97342.44000000,96856.98000000,97259.00000000,221.42404000,1735871399999,21511231.07099380,54555,125.64409000,12206593.58154830,0
1735871400000,97258.99000000,97262.19000000,96952.66000000,96966.85000000,167.21604000,1735873199999,16239062.14597640,40835,62.82448000,6100551.05090180,0
1735873200000,96966.85000000,97084.25000000,96833.99000000,96941.88000000,158.04488000,1735874999999,15326454.91616090,25555,78.47147000,7609863.52814820,0
1735875000000,96941.87000000,97090.91000000,96876.80000000,97062.30000000,97.70432000,1735876799999,9475603.70315480,24143,60.31445000,5849230.25026500,0
1735876800000,97062.30000000,97066.18000000,96878.52000000,96920.26000000,122.48991000,1735878599999,11878107.47541090,26697,55.86290000,5417255.94119660,0
1735878600000,96920.27000000,96962.56000000,96766.51000000,96813.41000000,143.03222000,1735880399999,13851904.23450440,24616,65.97332000,6388822.64380280,0
1735880400000,96813.49000000,96860.48000000,96590.28000000,96678.76000000,189.01206000,1735882199999,18277911.65573220,36831,78.52307000,7593527.47731560,0
1735882200000,96678.76000000,96813.77000000,96639.70000000,96765.34000000,127.45125000,1735883999999,12329696.81720830,20711,72.33959000,6997889.74919970,0
1735884000000,96765.35000000,96918.56000000,96619.98000000,96668.00000000,197.25757000,1735885799999,19085155.91892950,27475,107.82663000,10432312.20117060,0
1735885800000,96667.55000000,96739.67000000,96512.00000000,96539.49000000,185.14506000,1735887599999,17893048.63744690,25344,91.55221000,8848213.42760110,0
1735887600000,96539.49000000,96645.83000000,96411.54000000,96452.07000000,219.93922000,1735889399999,21229934.74070660,38195,110.01018000,10620004.56760380,0
1735889400000,96452.06000000,96472.94000000,96280.65000000,96304.00000000,326.93007000,1735891199999,31505888.87611400,37537,121.63854000,11721468.10207210,0
1735891200000,96304.00000000,96529.84000000,96304.00000000,96341.01000000,229.13033000,1735892999999,22094427.95915530,25793,131.58200000,12688796.15973720,0
1735893000000,96341.01000000,96341.02000000,96100.01000000,96129.97000000,314.26088000,1735894799999,30230436.86575320,30727,135.35381000,13019855.48087990,0
1735894800000,96129.97000000,96570.62000000,96107.84000000,96491.86000000,336.47425000,1735896599999,32430586.63388170,39337,225.24306000,21711545.05497540,0
1735896600000,96491.87000000,96702.48000000,96450.00000000,96554.32000000,191.52060000,1735898399999,18503662.32931380,31567,99.45398000,9607898.61722130,0
1735898400000,96554.32000000,96561.36000000,96402.82000000,96537.00000000,198.78626000,1735900199999,19178093.90782310,28186,87.64226000,8455710.17268490,0
1735900200000,96537.00000000,96640.01000000,96454.36000000,96488.53000000,156.59043000,1735901999999,15115317.20703970,23635,69.08625000,6668394.07626030,0
1735902000000,96488.53000000,96816.11000000,96482.51000000,96750.00000000,223.87521000,1735903799999,21641964.48381680,30360,132.89444000,12846820.80290440,0
1735903800000,96750.00000000,96830.00000000,96661.68000000,96757.58000000,224.53987000,1735905599999,21724573.59974830,37054,126.24909000,12216258.52639350,0
1735905600000,96757.57000000,96901.06000000,96717.36000000,96893.04000000,227.27631000,1735907399999,22003956.39911270,39375,107.49764000,10407279.95994270,0
1735907400000,96893.03000000,96921.36000000,96666.66000000,96666.66000000,160.30609000,1735909199999,15510622.34425090,27130,71.59548000,6926943.68371160,0
1735909200000,96666.66000000,96839.71000000,96482.52000000,96538.96000000,337.05348000,1735910999999,32573599.01738400,69774,165.67322000,16011328.25867870,0
1735911000000,96538.95000000,96716.92000000,96472.43000000,96504.79000000,293.75025000,1735912799999,28367649.04726480,53522,108.98767000,10525320.31899780,0
1735912800000,96504.80000000,97131.00000000,96504.79000000,97084.60000000,370.38839000,1735914599999,35878912.60277030,73840,220.12438000,21326299.36846560,0
1735914600000,97084.60000000,97342.44000000,96624.50000000,97016.01000000,1020.20235000,1735916399999,98964696.67767650,221322,503.84788000,48881303.07098520,0
1735916400000,97016.00000000,97450.00000000,96759.12000000,97263.78000000,833.48377000,1735918199999,80924386.73250950,194982,379.03079000,36802211.64815470,0
1735918200000,97263.79000000,97660.00000000,97138.14000000,97521.35000000,754.11782000,1735919999999,73480510.04205660,163391,381.71021000,37191465.29997160,0
1735920000000,97521.36000000,98444.42000000,97406.54000000,98066.00000000,1197.51627000,1735921799999,117307519.92224550,185399,720.77633000,70603077.71557470,0
1735921800000,98066.00000000,98368.85000000,97720.31000000,97868.20000000,702.39871000,1735923599999,68892447.31658330,136712,340.83217000,33432681.66640850,0
1735923600000,97868.21000000,98263.13000000,97837.63000000,98164.02000000,467.63787000,1735925399999,45844185.84978110,107367,209.20702000,20508242.09711610,0
1735925400000,98164.02000000,98299.76000000,97944.44000000,98026.00000000,332.07357000,1735927199999,32592248.40748650,88550,162.35829000,15935186.86653330,0
1735927200000,98025.99000000,98481.74000000,98000.00000000,98481.73000000,345.50984000,1735928999999,33955667.34249340,73487,168.21268000,16528594.66370630,0
1735929000000,98481.73000000,98697.86000000,98290.75000000,98527.98000000,468.13340000,1735930799999,46102690.41659890,92079,248.64839000,24487956.14402830,0
1735930800000,98527.97000000,98976.91000000,98491.53000000,98697.85000000,763.35955000,1735932599999,75392093.78637230,108525,352.29187000,34797162.46920440,0
1735932600000,98697.85000000,98838.18000000,98554.30000000,98592.01000000,307.06756000,1735934399999,30302685.67803610,71810,134.07399000,13231227.18461640,0
1735934400000,98592.02000000,98748.00000000,98300.00000000,98618.09000000,426.34055000,1735936199999,41999420.37211810,67949,176.23305000,17362282.13188380,0
1735936200000,98618.08000000,98629.05000000,98311.51000000,98311.52000000,419.82916000,1735937999999,41341658.12894870,61781,176.78361000,17407775.45744030,0
1735938000000,98311.51000000,98369.56000000,98196.96000000,98274.48000000,341.03029000,1735939799999,33511738.76206190,43203,138.48980000,13610371.06731350,0
1735939800000,98274.47000000,98419.14000000,98209.95000000,98272.70000000,166.35008000,1735941599999,16354723.70412740,38006,94.73741000,9314642.57800400,0
1735941600000,98272.70000000,98512.94000000,98272.70000000,98460.37000000,174.29159000,1735943399999,17150218.51371020,34781,79.40003000,7812948.41448310,0
1735943400000,98460.38000000,98485.83000000,98250.00000000,98296.37000000,143.25685000,1735945199999,14090253.13788110,26423,51.03635000,5019451.47640040,0
1735945200000,98296.37000000,98382.19000000,98101.00000000,98101.01000000,171.16678000,1735946999999,16821160.26612100,38796,67.90128000,6673834.98144240,0
1735947000000,98101.01000000,98184.60000000,98067.99000000,98174.18000000,143.09549000,1735948799999,14043270.81266660,24709,63.41181000,6222786.65872390,0
1735948800000,98174.17000000,98288.00000000,98016.69000000,98094.02000000,256.92558000,1735950599999,25218319.02453660,29692,91.05222000,8938769.20697320,0
1735950600000,98094.02000000,98094.02000000,97887.20000000,97950.01000000,208.21763000,1735952399999,20400174.31471350,35838,79.83548000,7821752.44018850,0
1735952400000,97950.01000000,98005.69000000,97800.00000000,97960.15000000,175.38433000,1735954199999,17171182.29875990,35321,86.84317000,8503063.84261120,0
1735954200000,97960.15000000,98095.06000000,97909.09000000,98040.00000000,116.71426000,1735955999999,11440309.31255130,29604,72.32986000,7089598.87102600,0
1735956000000,98040.00000000,98042.02000000,97848.48000000,97900.67000000,173.84382000,1735957799999,17025672.54068930,25926,92.51686000,9061086.62009140,0
1735957800000,97900.67000000,98314.15000000,97874.64000000,98304.51000000,195.05776000,1735959599999,19145835.31962820,41654,129.44508000,12705229.36940120,0
1735959600000,98304.51000000,98304.51000000,98052.97000000,98086.80000000,139.14915000,1735961399999,13659761.64955160,21488,52.86726000,5189040.23257080,0
1735961400000,98086.80000000,98269.39000000,98078.48000000,98200.00000000,135.53935000,1735963199999,13309068.78193110,20514,79.77617000,7833041.12198320,0
1735963200000,98200.01000000,98200.01000000,97900.00000000,97948.87000000,156.41186000,1735964999999,15324682.93904580,31193,61.12154000,5987753.66389000,0
1735965000000,97948.87000000,98012.91000000,97862.87000000,98001.00000000,148.08771000,1735966799999,14505672.87342150,21249,87.06460000,8528581.06724070,0
1735966800000,98001.00000000,98164.75000000,97988.76000000,98143.44000000,108.86877000,1735968599999,10677407.38624380,22555,75.85687000,7440035.60225540,0
1735968600000,98143.45000000,98196.51000000,98063.34000000,98126.21000000,141.10910000,1735970399999,13848397.06623880,17373,64.71094000,6350647.80834970,0
1735970400000,98126.21000000,98140.98000000,98047.79000000,98073.02000000,108.27212000,1735972199999,10620256.51581170,20593,49.62328000,4867330.89926180,0
1735972200000,98073.03000000,98209.70000000,98039.91000000,98127.54000000,103.65126000,1735973999999,10167471.85224800,20117,53.51005000,5249355.22451380,0
1735974000000,98127.53000000,98350.04000000,98095.17000000,98193.71000000,288.71588000,1735975799999,28365327.63019920,30463,159.21685000,15641105.99098650,0
1735975800000,98193.71000000,98323.28000000,98169.92000000,98271.88000000,165.74553000,1735977599999,16281267.97302750,19798,100.31833000,9854895.37353140,0
1735977600000,98271.87000000,98306.22000000,98112.55000000,98185.85000000,137.61829000,1735979399999,13515961.60750530,22665,79.18046000,7776663.65523050,0
1735979400000,98185.85000000,98270.07000000,97905.26000000,97906.07000000,166.05749000,1735981199999,16287010.24506910,24102,65.03035000,6380486.00129220,0
1735981200000,97906.08000000,97980.00000000,97713.11000000,97873.39000000,261.61372000,1735982999999,25601602.30743750,43117,117.86090000,11534934.42293520,0
1735983000000,97873.39000000,97899.07000000,97532.58000000,97690.37000000,410.17778000,1735984799999,40081410.33711640,39883,198.56228000,19398784.70110260,0
1735984800000,97690.37000000,97762.33000000,97600.00000000,97736.17000000,194.34169000,1735986599999,18982408.72454980,36263,106.80154000,10432092.43581050,0
1735986600000,97736.17000000,97859.60000000,97736.16000000,97789.32000000,136.34391000,1735988399999,13336042.38785950,27453,62.02826000,6067095.68552590,0
1735988400000,97789.32000000,97789.32000000,97711.54000000,97758.89000000,139.23648000,1735990199999,13610902.87338730,19744,61.12730000,5975463.10285170,0
1735990200000,97758.89000000,97923.07000000,97758.88000000,97889.39000000,139.87470000,1735991999999,13686013.99687260,23030,97.22244000,9512083.20071550,0
1735992000000,97889.40000000,98016.97000000,97800.00000000,97921.89000000,186.52785000,1735993799999,18260451.79098480,37830,85.16808000,8337510.57718060,0
1735993800000,97921.90000000,97993.49000000,97801.49000000,97888.12000000,150.26907000,1735995599999,14710004.98603990,29441,73.73558000,7218243.82870530,0
1735995600000,97888.12000000,97967.35000000,97770.74000000,97849.51000000,185.73781000,1735997399999,18178863.44145360,33747,87.11452000,8526536.78497350,0
1735997400000,97849.51000000,98068.46000000,97750.00000000,97973.05000000,277.46273000,1735999199999,27162772.43592890,41981,158.82023000,15548715.45162930,0
1735999200000,97973.05000000,98013.32000000,97828.38000000,98000.00000000,172.84490000,1736000999999,16925441.05050110,41369,82.29890000,8058411.20273110,0
1736001000000,98000.01000000,98080.15000000,97940.64000000,98035.04000000,156.59670000,1736002799999,15350557.29383040,28985,71.95283000,7052735.41605990,0
1736002800000,98035.05000000,98152.02000000,97625.60000000,97832.06000000,262.40947000,1736004599999,25695809.70984950,59056,117.71889000,11526029.68477070,0
1736004600000,97832.07000000,97832.07000000,97514.79000000,97657.94000000,475.37478000,1736006399999,46420882.83484810,104760,181.71957000,17746621.67659470,0
1736006400000,97657.95000000,97874.68000000,97623.99000000,97703.12000000,205.33172000,1736008199999,20070163.28960290,52710,116.81756000,11417460.64742920,0
1736008200000,97703.11000000,97729.14000000,97549.99000000,97704.60000000,369.78729000,1736009999999,36096143.21137230,44550,115.09785000,11237002.64396390,0
1736010000000,97704.60000000,97826.81000000,97687.77000000,97780.29000000,105.57560000,1736011799999,10323079.00363620,27019,42.52096000,4157248.53589100,0
1736011800000,97780.28000000,98049.99000000,97752.02000000,98016.26000000,145.87145000,1736013599999,14282612.93166540,28398,90.92850000,8903264.23769440,0
1736013600000,98016.26000000,98139.13000000,97962.67000000,98057.28000000,142.22652000,1736015399999,13945428.04489180,29618,74.73203000,7327534.29064870,0
1736015400000,98057.27000000,98098.39000000,97909.85000000,97961.56000000,94.99145000,1736017199999,9309388.95141370,21771,38.39819000,3763419.31877190,0
1736017200000,97961.56000000,98350.00000000,97931.23000000,98167.17000000,215.07358000,1736018999999,21114730.23946630,42949,132.49648000,13007632.11118890,0
1736019000000,98167.17000000,98264.24000000,98093.66000000,98166.26000000,115.40810000,1736020799999,11329115.13664900,23102,32.47572000,3188268.44811510,0
1736020800000,98166.26000000,98490.00000000,98166.25000000,98456.37000000,183.24185000,1736022599999,18022468.06673690,35760,105.97490000,10422406.39679260,0
1736022600000,98456.37000000,98671.02000000,98400.00000000,98599.02000000,258.45288000,1736024399999,25467375.02805350,42724,133.00395000,13106474.93782200,0
1736024400000,98599.02000000,98778.43000000,98502.77000000,98532.81000000,360.71599000,1736026199999,35568150.50254470,54679,198.98781000,19622730.67574280,0
1736026200000,98532.81000000,98532.82000000,98344.00000000,98362.43000000,175.65991000,1736027999999,17290296.39158850,30578,87.52523000,8615390.68618780,0
1736028000000,98362.43000000,98406.27000000,98266.33000000,98268.00000000,143.37617000,1736029799999,14097569.86412820,17789,27.33191000,2687432.13114940,0
1736029800000,98268.01000000,98484.85000000,98265.91000000,98417.25000000,146.33130000,1736031599999,14397299.95020860,22734,50.45637000,4964225.60270390,0
1736031600000,98417.25000000,98419.14000000,98143.20000000,98240.00000000,144.71746000,1736033399999,14222557.16327870,31476,53.85404000,5292452.63568720,0
1736033400000,98240.00000000,98311.24000000,98208.00000000,98220.50000000,109.11376000,1736035199999,10720430.35829200,17321,67.77002000,6658075.66778110,0
1736035200000,98220.51000000,98391.59000000,98154.18000000,98272.31000000,165.26249000,1736036999999,16238827.05265230,35026,74.87076000,7357575.63776830,0
1736037000000,98272.31000000,98343.90000000,98200.36000000,98213.43000000,89.17103000,1736038799999,8762440.87365360,23489,28.94677000,2844352.33414520,0
1736038800000,98213.44000000,98322.35000000,98151.51000000,98213.61000000,99.19419000,1736040599999,9744784.54147150,17607,53.03305000,5209888.75201130,0
1736040600000,98213.61000000,98213.62000000,98050.00000000,98123.53000000,138.16828000,1736042399999,13556914.82346100,27136,58.34916000,5724999.15704960,0
1736042400000,98123.53000000,98212.13000000,98123.52000000,98181.82000000,102.92484000,1736044199999,10104616.70596860,18089,45.61841000,4478469.54520210,0
1736044200000,98181.81000000,98227.49000000,98105.41000000,98227.48000000,84.61195000,1736045999999,8305046.01881540,16932,35.08442000,3443534.85032610,0
1736046000000,98227.49000000,98227.49000000,98115.30000000,98152.01000000,62.38217000,1736047799999,6124043.81589180,15952,28.57474000,2805175.29030760,0
1736047800000,98152.01000000,98187.97000000,98069.00000000,98187.96000000,88.85558000,1736049599999,8719999.23815890,18718,40.63516000,3987842.40454540,0
1736049600000,98187.97000000,98522.76000000,98187.96000000,98487.16000000,178.31655000,1736051399999,17536894.46309290,30528,112.40531000,11055550.06840490,0
1736051400000,98487.17000000,98487.17000000,98348.15000000,98357.46000000,60.34022000,1736053199999,5938725.34188850,17609,22.02917000,2168018.41159100,0
1736053200000,98357.46000000,98425.97000000,98264.78000000,98425.96000000,97.80036000,1736054999999,9618109.36281480,13481,43.47250000,4275778.03507700,0
1736055000000,98425.96000000,98500.00000000,98305.03000000,98358.98000000,114.84962000,1736056799999,11298843.61585610,20389,55.47328000,5457132.69608490,0
1736056800000,98358.98000000,98393.94000000,98304.82000000,98370.35000000,62.43212000,1736058599999,6139654.63138820,12788,31.70901000,3118255.29024260,0
1736058600000,98370.34000000,98500.00000000,98339.57000000,98451.47000000,87.17918000,1736060399999,8580341.52351680,14798,46.28398000,4554822.63170430,0
1736060400000,98451.48000000,98464.84000000,98339.97000000,98339.97000000,71.85578000,1736062199999,7071471.09940770,13092,33.52494000,3299332.17006980,0
1736062200000,98339.98000000,98355.83000000,98268.77000000,98268.77000000,46.45591000,1736063999999,4567704.68270010,9777,19.30200000,1897848.28426610,0
1736064000000,98268.77000000,98268.78000000,97777.77000000,97897.10000000,392.43105000,1736065799999,38439504.67618590,63646,140.21824000,13733566.27731110,0
1736065800000,97897.11000000,97941.97000000,97822.00000000,97861.04000000,119.30825000,1736067599999,11677493.09814640,30250,65.81905000,6442360.55244340,0
1736067600000,97861.04000000,97943.02000000,97814.72000000,97819.33000000,96.74407000,1736069399999,9469040.20386450,24579,50.55127000,4947565.90762140,0
1736069400000,97819.32000000,97910.74000000,97637.93000000,97652.20000000,244.39139000,1736071199999,23895660.35073720,29873,102.06196000,9981421.43051000,0
1736071200000,97652.21000000,97776.68000000,97600.00000000,97600.02000000,235.85863000,1736072999999,23039213.74540120,35612,110.07930000,10753983.53314700,0
1736073000000,97600.02000000,97748.84000000,97600.01000000,97737.48000000,95.93199000,1736074799999,9371277.13324970,17593,55.93722000,5464192.78580990,0
1736074800000,97737.48000000,97822.16000000,97685.53000000,97727.27000000,90.97828000,1736076599999,8893687.33175410,24053,60.70019000,5933987.30478950,0
1736076600000,97727.27000000,97735.96000000,97615.13000000,97641.63000000,95.73943000,1736078399999,9349021.05864980,21500,36.93881000,3607085.94268830,0
1736078400000,97641.62000000,97922.89000000,97569.04000000,97717.27000000,163.73852000,1736080199999,16001914.32178980,42136,87.03299000,8506084.38535580,0
1736080200000,97717.26000000,97956.66000000,97673.67000000,97770.01000000,152.73674000,1736081999999,14936489.38615820,38082,85.90387000,8400783.02582250,0
1736082000000,97770.01000000,97965.31000000,97737.20000000,97965.30000000,119.24848000,1736083799999,11670128.78718010,29705,68.05311000,6660605.89735580,0
1736083800000,97965.30000000,98018.96000000,97680.18000000,97689.96000000,162.69471000,1736085599999,15918155.12053470,29681,68.47799000,6700528.42746640,0
1736085600000,97689.96000000,97779.96000000,97276.79000000,97484.97000000,540.02030000,1736087399999,52630976.01745170,89837,209.28166000,20397590.51677030,0
1736087400000,97484.97000000,97967.08000000,97372.99000000,97855.06000000,236.63844000,1736089199999,23114911.95979590,68341,135.99836000,13285886.76229020,0
1736089200000,97855.06000000,98024.48000000,97702.30000000,97908.10000000,207.34019000,1736090999999,20290504.35268070,55771,97.33525000,9525773.13554730,0
1736091000000,97908.10000000,98281.89000000,97908.10000000,98028.98000000,284.89055000,1736092799999,27955220.51789720,72440,174.06644000,17079459.80587740,0
1736092800000,98028.98000000,98332.54000000,97988.88000000,98082.34000000,315.28803000,1736094599999,30959716.63294540,63424,110.90626000,10888224.29709000,0
1736094600000,98082.34000000,98113.29000000,97937.82000000,98035.17000000,139.27578000,1736096399999,13653156.19085890,42538,70.01611000,6863496.25440400,0
1736096400000,98035.17000000,98078.94000000,97880.39000000,97967.99000000,161.52147000,1736098199999,15826375.87000460,30098,54.27365000,5318088.37040230,0
1736098200000,97968.00000000,98023.84000000,97673.57000000,97731.08000000,197.13450000,1736099999999,19284415.10257550,46929,67.53388000,6604771.52524280,0
1736100000000,97731.09000000,97777.46000000,97577.46000000,97706.91000000,217.38967000,1736101799999,21234771.41924500,54214,96.03608000,9380537.42861530,0
1736101800000,97706.91000000,97927.98000000,97695.58000000,97918.91000000,83.90066000,1736103599999,8207609.25150270,27467,51.08058000,4996256.47158160,0
1736103600000,97918.91000000,98109.00000000,97854.99000000,98056.22000000,171.95994000,1736105399999,16854386.51343650,36338,109.54791000,10737407.16123740,0
1736105400000,98056.22000000,98071.57000000,97975.24000000,98071.57000000,78.34306000,1736107199999,7678204.22479700,14071,38.16628000,3740285.35217830,0
